{
  "timestamp": "2025-12-28T19:39:38.158033",
  "metrics": {
    "MAE": 0.01432772348390035,
    "RMSE": 0.022006693485594035,
    "R2": 0.19774031339523013,
    "Directional_Accuracy": 0.6434559777278623,
    "Profit_Weighted_Accuracy": 0.7355998482516777
  },
  "ensemble_weights": {
    "RF": 0.8486064744754748,
    "XGB": 0.0656597589845439,
    "LGBM": 0.08573376653998141
  },
  "feature_count": 59,
  "verdict": "STRONG: R\u00b2=0.1977, Dir=64.35%"
}