{
  "timestamp": "2025-12-31T11:05:30.318304",
  "metrics": {
    "MAE": 0.014327864202814863,
    "RMSE": 0.022015052436426617,
    "R2": 0.19713074223165217,
    "Directional_Accuracy": 0.6434243411686545,
    "Profit_Weighted_Accuracy": 0.73546484351857
  },
  "ensemble_weights": {
    "RF": 0.8516358237006864,
    "XGB": 0.09109470297826872,
    "LGBM": 0.05726947332104479
  },
  "feature_count": 59,
  "verdict": "STRONG: R\u00b2=0.1971, Dir=64.34%"
}