{
  "timestamp": "2025-12-27T20:40:35.475812",
  "metrics": {
    "MAE": 0.014325792936396567,
    "RMSE": 0.02200391430676768,
    "R2": 0.19794293196203216,
    "Directional_Accuracy": 0.6437090702015249,
    "Profit_Weighted_Accuracy": 0.7355967034028841
  },
  "ensemble_weights": {
    "RF": 0.8080232735293696,
    "XGB": 0.08215626821922724,
    "LGBM": 0.10982045825140321
  },
  "feature_count": 59,
  "verdict": "STRONG: R\u00b2=0.1979, Dir=64.37%"
}