{
  "timestamp": "2025-12-28T20:09:24.448879",
  "metrics": {
    "MAE": 0.014331268668643685,
    "RMSE": 0.022025214245612684,
    "R2": 0.1963893870006893,
    "Directional_Accuracy": 0.6432028852541998,
    "Profit_Weighted_Accuracy": 0.7344806426676037
  },
  "ensemble_weights": {
    "RF": 0.9079907300188593,
    "XGB": 0.08143228044150541,
    "LGBM": 0.010576989539635297
  },
  "feature_count": 59,
  "verdict": "STRONG: R\u00b2=0.1964, Dir=64.32%"
}